"# Note: This is an example template, replace addresses and info below with your own",,,,,,updated from kehe as of:,3/25/2014
"# not all address fields are required, but the more you have, the more accurate your geocoding will be",,,,,,updated for other stores as of:,8/14/2014
"# you can add your own columns as well, or get rid of ones you don't need (email, URL, etc.)",,,,,,,
"# when you are done entering your addresses, copy/paste the data into Step #1 on BatchGeo.com",,,,,,,
Address,City,State,Zipcode,Name,Phone Number,URL,
3360 Larimer St.,Denver,CO,80205,NOOCH | Vegan Market ,(720) 328-5324,https://www.facebook.com/noochveganmarket,
4274 Peachtree Rd NE,Atlanta,GA,30319,4 Kicks Ltd,,,
5120 Belmont Road Suite G,Downers Grove,IL,60515,ADG Nutrition,,,
7807 E 51st Street,Tulsa,OK,74145,Akin’s Natural Foods,,http://www.akins.com/,
3321 E 31St Street,Tulsa,OK,74135,Akin’s Natural Foods,,http://www.akins.com/,
2924 NW 63rd Street,Oklahoma City,OK,73116,Akin’s Natural Foods,,http://www.akins.com/,
"6900 “O” Street, Ste 100",Lincoln,NE,68510,Akin’s Natural Foods,,http://www.akins.com/,
1344 E Battlefield,Springfield,MO,65804,Akin’s Natural Foods,,http://www.akins.com/,
2913 SW 29th,Topeka,KS,66614,Akin’s Natural Foods,,http://www.akins.com/,
2370 W. Memorial Rd.,Oklahoma City,OK,73134,Akin’s Natural Foods,,http://www.akins.com/,
12003 S. Memorial Drive,Bixby,OK,74008,Akin’s Natural Foods,,http://www.akins.com/,
8409 West Center Rd,Omaha,NE,68124,Akin’s Natural Foods,,http://www.akins.com/,
4019 W Walnut,Rogers,AR,72756,Akin’s Natural Foods,,http://www.akins.com/,
3514 N. Southport Ave.,Chicago,IL,60657,Aligned Modern Health,(773) 248-2544,,
2321 S ONIEDA STREET                    ,GREEN BAY,WI ,54304       ,B-ALIVE     FF#902015,,,
2187 W South Lp,Stephenville,TX,76401,Barefoot Market,,,
276 U.S. 202 #1,Flemington,NJ,8822,Basil Bandwagon Natural Market,,,
14500 Juanita Dr NE ,Kenmore,WA,98028,Bastyr University - Bookstore,(425) 602-3000,http://bookstore.bastyr.edu/default.aspx,
3130 Alpine Road,Portola Valley,CA,94028,Bianchini's Market - Portola Valley ,(650) 851-4391,http://www.bianchinismarket.com/,
239 N UNION ST                          ,LAMBERTVILLE,NJ ,08530       ,BIG BEAR NATURAL FOODS,,,
3312 N Broadway,Chicago,IL,60657,Bountiful Eatery,(773) 687-9811,http://bountifuleatery.com/,
601 FM 1187 N SUITE 5                   ,ALEDO,TX ,76008       ,BULK & BUNCHES,,,
3409 Edgmont Avenue,Brookhaven,PA,19015,Burman's Natural Foods,(610) 874-8418,,
"The Ferry Building 1 Ferry Bldg, Ste 38C",San Francisco,CA,94111,Buyer's Best Friend - Wholesale and Market,(415) 223-3912,,
1740 Haight St,San Francisco,CA,94117,Buyer's Best Friend Mercantile Store,(415) 375-0439,,
135 Argall Way,Nevada City,CA,95959,California Organics,(530) 265-9392,,
2749 100TH ST.                          ,URBANDALE,IA ,50322       ,CAMPBELL'S *INFRA*,,,
"4040 UNIVERSITY, STE. D                 ",DES MOINES,IA ,50311       ,CAMPBELL'S NUTRITION *INFRA*,,,
1086 Montgomery Road,Altamonte Springs,FL,32714,Chamberlin’s Natural Foods,,http://www.chamberlins.com/,
"7600 Dr. Phillips Blvd, Ste 88",Orlando,FL,32819,Chamberlin’s Natural Foods,,http://www.chamberlins.com/,
430 N. Orlando Ave.,Winter Park,FL,32789,Chamberlin’s Natural Foods,,http://www.chamberlins.com/,
"1170 Oviedo Market Place Blvd, Ste 1000",Oviedo,FL,32765,Chamberlin’s Natural Foods,,http://www.chamberlins.com/,
1531 US Hwy 98 South,Lakeland,FL,33801,Chamberlin’s Natural Foods,,http://www.chamberlins.com/,
1114 N John Young Parkway,Kissimmee,FL,34741,Chamberlin’s Natural Foods,,http://www.chamberlins.com/,
6551 E RIVERSIDE BLVD                   ,ROCKFORD,IL ,61114       ,CHOICES NATURAL MARKET *INFRA*,,,
871 ANNAPOLIS ROAD,GAMBRILLS,MD,21054,David's Natural Market,(410) 987-1533,http://www.davidsnaturalmarket.com,
"2211 York Road, Suite 103",Oak Brook,IL,60523,Equator Lobby Shop,,,
213 West Institute Place #709,Chicago,IL,60610,Flex Pilates Chicago,(312) 587-9000,http://flexpilateschicago.com/,
2655 EAST GRAND RIVER                   ,EAST LANSING,MI ,488235608   ,FOODS FOR LIVING,,,
1575 Main St,Hellertown,PA,18055,Frey's Better Foods,,,
1855 E MAIN ST                          ,SPARTANBURG,SC ,293072309   ,GARNERS NATURAL FOODS,,,
41 Clementon Rd,Berlin,NJ,08009,Good 4U Health Foods General,(856) 753-1472,,
336 West Main,American Fork,UT,84003,Good Earth Natural Foods,,http://www.goodearthnaturalfoods.com/,
500 S State,Orem,UT,84058,Good Earth Natural Foods,,http://www.goodearthnaturalfoods.com/,
1045 South University Ave,Provo,UT,84601,Good Earth Natural Foods,,http://www.goodearthnaturalfoods.com/,
1050 West Riverdale,Road Riverdale,UT,84405,Good Earth Natural Foods,,http://www.goodearthnaturalfoods.com/,
7905 South 700 East,Sandy,UT,84070,Good Earth Natural Foods,,http://www.goodearthnaturalfoods.com/,
41675 PARK AVE                          ,LEONARDTOWN,MD ,206500540   ,GOOD EARTH NATURAL FOODS,,,
1500 BROWNS BRIDGE RD                   ,GAINESVILLE,GA ,30504       ,GOOD NUTRITION GAINESVILLE,,,
10703 ALPHARETTA HWY                    ,ROSWELL,GA ,300761424   ,GOOD NUTRITION ROSWELL,,,
9999 HWY 92 - SUITE 120                 ,WOODSTOCK,GA ,30188       ,GOOD NUTRITION WOODSTOCK,,,
4500 W Village Pl #1001,Smyrna,GA,30080,Goodness Grocery,,,
5 N STATE ST                            ,NEWTOWN,PA ,18940       ,GRAPEVINE NATURAL GROCERY,,,
1210 Pasadena Ave S,South Pasadena,FL,33707,Health Food Plus & Herbs Inc,,,
1505 Enterprise Drive,Lynchburg,VA,24502,Health Nut Nutrition,,,
305 E Market St,Leesburg,VA,20176,Healthy By Nature Health Store,,,
149 SKOKIE VALLEY ROAD                  ,HIGHLAND PARK,IL ,60035       ,HIGHLAND HEALTH FOODS INC.,,,
1203 S MAIN ST                          ,ROYAL OAK,MI ,48067       ,HOLIDAY FOOD CENTER,,,
1203 S Main St,Royal Oak,MI,48067,Holiday Market,,,
608 DRY CREEK ROAD                      ,WACO,TX ,76705       ,HOMESTEAD HERITAGE,,,
1415 Timberlane Rd,Tallahassee,FL,32312,Honeytree Natural Foods,,,
1283 E Ogden Ave #183,Naperville,IL,60563,iHealth,,,
133 S JEFFERSON                         ,AVA,MO ,65608       ,JEANS HEALTHWAY,,,
1035 MULLIGAN DR.  #2                   ,BRADLEY,IL ,609151242   ,KANKAKEE NATURAL FOODS,,,
450 Columbus Ave.,San Francisco,CA,94133,Mercato Food & Gift,,,
3509 N High Street,Columbus,OH,43214,Momentum 98 Health Store,(614) 262-7087,,
2434 LONDON ROAD                        ,EAU CLAIRE,WI ,54701       ,MOTHER NATURES FDS  FF#913764,,,
270 LONDONDERRY TURNPIKE                ,HOOKSETT,NH ,03106       ,NATURAL CHOICE MARKET *INFRA*,,,
990 Village Square Dr.,Tomball,TX,77375,Natural Health Solutions,,,
341 E Colonial Hwy,Hamilton,VA,20158,Natural Mercantile Store,,,
3704 EAST BROADWAY SUITE C              ,PEARLAND,TX ,77581       ,NATURAL REWARDS 'A',,,
967 E MAIN                              ,EASTLAND,TX ,76448       ,"NATURE'S HEALTH SHOP ""B""",,,
3500 STATE ROAD 38 EAST                 ,LAFAYETTE,IN ,47905       ,NATURE'S PHARM *INFRA*,,,
8215 US 31 SOUTH                        ,INDIANAPOLIS,IN ,46227       ,NATURE'S PHARM GREENWD *INFRA*,,,
1815 W. Main St.,Carbondale,IL,62901,Neighborhood Co-op Grocery,618.529.3533,,
260 East Tenth Street,Traverse City,MI,49684,Oryana Natural Foods Market,(231) 947-0191,http://oryana.coop/,
1304-F CHESTNUT                         ,MURRAY,KY ,42071       ,PEACH BLOSSOM,,,
17 W 675 ROOSEVELT RD                   ,OAKBROOK,IL ,60181       ,PETE'S FRESH MARKET,,,
875 North State Street,Chicago,IL,60610,Potash Markets,(312) 266-4200,,
1525 North Clark Street,Chicago,IL,60610,Potash Markets,(312) 337-7537,,
175 East Delaware,Chicago,IL,60611,Potash Markets,(312) 884-0060,,
13208 W Washington Blvd,Culver City,CA,90066,Rainbow Acres,(310) 823-8381,http://www.rainbowacresca.com/,
42 Forest Ave,Glen Cove,NY,11542,Rising Tide Natural Market,(516) 676-7895,,need to include in newsletter
111-C RENA DRIVE                        ,LAFAYETTE,LA ,70503       ,SANDRA'S HEALTH FOOD STORE,,,
798 Haight St,San Francisco,CA,94117,Santa Clara Natural Organic Market,,,
5625 DIXIE HIGHWAY                      ,WATERFORD,MI ,48329       ,SIMPLY NATURAL HEALTH FDS,,,
3717 S REED ROAD                        ,KOKOMO,IN ,46902       ,SUNSPOT NATURAL MARKET,,,
109 Broadway,Fargo,ND,58102,Swanson Health Products (Retail Store) ,701-293-9842,http://www.swansonvitamins.com/,
488 Crescent Blvd. ,Glen Ellyn,IL,60137,The Yoga Place,(630) 534-6469,,
842 E. Ogden Ave.,Westmont,IL,60559,Urban Tri Gear,(630) 230-9386,,
291 CONVENANT SQUARE DR STE D           ,BILOXI,MS ,39531       ,VITAMIN WAREHOUSE   **COD**,,,
2550 BARROW ST                          ,ABILENE,TX ,79605       ,VITAMINS PLUS #251-ABILENE,,,
5614 SO. BROADWAY                       ,TYLER,TX ,75703       ,VITAMINS PLUS #284-TYLER,,,
9456 Roberds St. ,Rancho Cucamonga,CA,91701,Viva La Vegan Grocery,(909) 941-4495,,
2723 Ocean Park Blvd,Santa Monica,CA,90405,Viva La Vegan Grocery,(909) 941-4495,http://www.vivalavegangrocery.com/,
3320 Briarfield Blvd,Maumee,OH,43537,Walt Churchill's Market,,,
360 NASSAU STREET,PRINCETON,NJ,8540,Whole Earth Center,(609) 924-7429,http://www.wholeearthcenter.com/,
888 116th Avenue N.E.,BELLEVUE,WA,98005,Whole Foods Market BELLEVUE,,http://www.wholefoodsmarket.com/,
2610 NE Hwy 20,BEND,OR,97701,Whole Foods Market BEND,,http://www.wholefoodsmarket.com/,
7380 SW Bridgeport Road,TIGARD,OR,97224,Whole Foods Market BRIDGEPORT,,http://www.wholefoodsmarket.com/,
4301 Northeast Sandy Boulevard,PORTLAND,OR,97213,Whole Foods Market HOLLYWOOD,,http://www.wholefoodsmarket.com/,
15th Ave West,Seattle ,WA,98119,Whole Foods Market INTERBAY,,http://www.wholefoodsmarket.com/,
2808 196th St. SW,LYNNWOOD,WA,98036,Whole Foods Market LYNNWOOD,,http://www.wholefoodsmarket.com/,
3535 NE 15th Ave.,FREMONT,OR,97212,Whole Foods Market PORTLAND,,http://www.wholefoodsmarket.com/,
2825 East Burnside St,LAURELHURST,OR,97214,Whole Foods Market PORTLAND,,http://www.wholefoodsmarket.com/,
1210 N.W. Couch Street,PORTLAND,OR,97209,Whole Foods Market PORTLAND,,http://www.wholefoodsmarket.com/,
17991 N.E. Redmond Way ,REDMOND,WA,98052,Whole Foods Market REDMOND,,http://www.wholefoodsmarket.com/,
1026 N.E. 64th Street,SEATTLE,WA,98115,Whole Foods Market SEATTLE,,http://www.wholefoodsmarket.com/,
19440 NW Cornell Road,HILLSBORO,OR,97124,Whole Foods Market TANNASBOURNE,,http://www.wholefoodsmarket.com/,
815 Southeast 160th Ave.,MILL PLAIN,WA,98683,Whole Foods Market VANCOUVER,,http://www.wholefoodsmarket.com/,
2200 Westlake Ave.,SEATTLE,WA,98109,Whole Foods Market WESTLAKE,,http://www.wholefoodsmarket.com/,
34164 Plymouth Rd,Livonia,MI,48150,Zerbo's Health Foods,(734) 427-3144,http://www.zerbos.com,
1890 Newport Blvd.,Costa Mesa,CA,92627,Mothers Market and Kitchen-Costa Mesa,,https://www.mothersmarket.com/,
19770 Beach Blvd. ,Huntington Beach,CA,92648,Mothers Market and Kitchen-Huntington Beach,,https://www.mothersmarket.com/,
2963 Michelson Drive ,Irvine,CA,92612,Mothers Market and Kitchen-Irvine,,https://www.mothersmarket.com/,
24165 Paseo de Valencia ,Laguna Woods,CA,92653,Mothers Market and Kitchen-Laguna Woods,,https://www.mothersmarket.com/,
151 E. Memory Lane,Santa Ana,CA,92705,Mothers Market and Kitchen-Santa Ana,,https://www.mothersmarket.com/,
5759 East Santa Ana Canyon Road,Anaheim Hills,CA,92807,Mothers Market and Kitchen-Anaheim Hills,,https://www.mothersmarket.com/,
413 S. Associated Road,Brea,CA,92821,Mothers Market and Kitchen-Brea,,https://www.mothersmarket.com/,
602 James Doak Pkwy,Greensboro,NC,27455,American Discount Books LLC,,,
414 Kearney St.,Port Townsend,WA,98368,The Food Coop,Phone: (360) 385-2883 ,http://foodcoop.coop/,
711 Vandercook Way,Longview,WA,98632,Country Village Nutrition,,,
1959 West Ray Road,Chandler,AZ,85224,Sprouts Farmers Market,,,
9301 E. Shea Blvd #132,Scottsdale,AZ,85260,Sprouts Farmers Market,,,
12415 N Tatum Blvd,Phoenix,AZ,85032,Sprouts Farmers Market,,,
1933 E. Brown,Mesa,AZ,85213,Sprouts Farmers Market,,,
8375 W. Thunderbird Road,Peoria,AZ,85381,Sprouts Farmers Market,,,
8040 19th Avenue,Phoenix,AZ,85021,Sprouts Farmers Market,,,
2824 E. Indian School Rd #126,Phoenix,AZ,85016,Sprouts Farmers Market,,,
5130 W. Peoria Ave.,Glendale,AZ,85302,Sprouts Farmers Market,,,
5225 E. Southern Ave.,Mesa,AZ,85206,Sprouts Farmers Market,,,
7665 North Oracle,Oro Valley,AZ,85704,Sprouts Farmers Market,,,
13759 W. Bell Road,Surprise,AZ,85374,Sprouts Farmers Market,,,
1813 N. Dysart Road,Avondale,AZ,85392,Sprouts Farmers Market,,,
2582 S. Val Vista Drive,Gilbert,AZ,85296,Sprouts Farmers Market,,,
4735 E. Ray Rd #100,Phoenix,AZ,85044,Sprouts Farmers Market,,,
1625 E. Glendale Ave,Phoenix,AZ,85020,Sprouts Farmers Market,,,
4402 N. Miller Road,Scottsdale,AZ,85251,Sprouts Farmers Market,,,
1706 E. Southern Ave,Tempe,AZ,85282,Sprouts Farmers Market,,,
3860 West River Road,Tucson,AZ,85741,Sprouts Farmers Market,,,
7877 E. Broadway Blvd,Tucson,AZ,85710,Sprouts Farmers Market,,,
4282 N. 1st Avenue,Tucson,AZ,85719,Sprouts Farmers Market,,,
4645 E. Speedway Blvd,Tucson,AZ,85712,Sprouts Farmers Market,,,
1560 N. Riordan Ranch Rd,Flagstaff,AZ,86001,Sprouts Farmers Market,,,
6760 W. Deer Valley Rd,Glendale,AZ,85310,Sprouts Farmers Market,,,
4100 Legacy Drive #401,Plano,TX,75204,Sprouts Farmers Market,,,
2301 Cross Timbers #200,Flower Mound,TX,75028,Sprouts Farmers Market,,,
11722 Marsh Lane #317,Dallas,TX,75229,Sprouts Farmers Market,,,
220 Randol Mill Ave,South Lake,TX,76092,Sprouts Farmers Market,,,
5190 Preston Road,Frisco,TX,75034,Sprouts Farmers Market,,,
1343 W. Campbell Road,Richardson,TX,75080,Sprouts Farmers Market,,,
207 E FM-544,Murphy,TX,75094,Sprouts Farmers Market,,,
110 W. Sandy Lake Road,Coppell,TX,75019,Sprouts Farmers Market,,,
110 IH 35 North #299,Round Rock,TX,78681,Sprouts Farmers Market,,,
10225 Research Rd,Austin,TX,78759,Sprouts Farmers Market,,,
362 E. FM 1382,Cedar Hill,TX,75104,Sprouts Farmers Market,,,
4650 SW Loop 820,Fort Worth,TX,76109,Sprouts Farmers Market,,,
1745 E. Hebron Pkwy,Carrollton,TX,75010,Sprouts Farmers Market,,,
4006 S. Lamar Blvd,Austin,TX,78704,Sprouts Farmers Market,,,
8101 Callaghan Rd,San Antonio,TX,78230,Sprouts Farmers Market,,,
1440 Airline Rd,Corpus Christi,TX,78412,Sprouts Farmers Market,,,
655 Sunland Park Drive #B,El Paso,TX,79912,Sprouts Farmers Market,,,
2008 N. 10th Street,McAllen,TX,78501,Sprouts Farmers Market,,,
2502 Nacogdoches Road,San Antonio,TX,78217,Sprouts Farmers Market,,,
17700 N. US Hwy 281 #200,San Antonio,TX,78232,Sprouts Farmers Market,,,
8201 Quaker Ave #140,Lubbock,TX,79424,Sprouts Farmers Market,,,
23105 Cinco Ranch Blvd,Katy,TX,77494,Sprouts Farmers Market,,,
22506 Tomball Parkway,Houston,TX,77070,Sprouts Farmers Market,,,
7055 Highway 6 North #A,Houston,TX,77084,Sprouts Farmers Market,,,
9241 Virginia Parkway,McKinney,TX,75090,Sprouts Farmers Market,,,
11940 Westheimer Rd,Houston,TX,77077,Sprouts Farmers Market,,,
2003 S. Main,Keller,TX,76248,Sprouts Farmers Market,,,
2800 E. Broadway Street,Pearland,TX,77581,Sprouts Farmers Market,,,
20708 Kuykendahl Road,Spring,TX,77379,Sprouts Farmers Market,,,
6821 W. 135th Street,Overland Park,KS,66223,Sprouts Farmers Market,,,
152 N. 2nd Street,El Cajon,CA,92021,Sprouts Farmers Market,,,
149 S. Las Posas Road,San Marcos,CA,92078,Sprouts Farmers Market,,,
4230 Pacific Coast Hwy,Torrance,CA,90505,Sprouts Farmers Market,,,
835 West Foothill Blvd,Claremont,CA,91711,Sprouts Farmers Market,,,
3775 Alton Pkwy,Irvine,CA,92606,Sprouts Farmers Market,,,
14945 Holt Avenue,Tustin,CA,92780,Sprouts Farmers Market,,,
12301 Seal Beach Blvd,Seal Beach,CA,90740,Sprouts Farmers Market,,,
735 East Birch Street,Brea,CA,92821,Sprouts Farmers Market,,,
475 East Alessandro Blvd,Riverside,CA,92508,Sprouts Farmers Market,,,
1500 East Village Way #2279,Orange,CA,92865,Sprouts Farmers Market,,,
9861 Adams Ave,Huntington Beach,CA,92646,Sprouts Farmers Market,,,
11710 Carmel Mountain Rd,San Diego,CA,92128,Sprouts Farmers Market,,,
600 W. Hillcrest Dr,Thousand Oaks,CA,91360,Sprouts Farmers Market,,,
5660 Sepulveda Blvd,Culver City,CA,90230,Sprouts Farmers Market,,,
111 E. El Camino Real,Sunnyvale,CA,94087,Sprouts Farmers Market,,,
39 N. Rosemead Blvd,Pasadena,CA,91107,Sprouts Farmers Market,,,
24285 Magic Mtn Pkwy,Santa Clarita,CA,91355,Sprouts Farmers Market,,,
6760 Stanford Ranch Rd,Roseville,CA,95678,Sprouts Farmers Market,,,
1012 Westlake Blvd,Westlake,CA,91361,Sprouts Farmers Market,,,
7153 Amador Plaza Rd,Dublin,CA,94568,Sprouts Farmers Market,,,
1515 Hawthorne Blvd,Redondo Beach,CA,90278,Sprouts Farmers Market,,,
18010 Chatsworth St,Granada Hills,CA,91344,Sprouts Farmers Market,,,
1327 Encinitas Blvd,Encinitas,CA,92024,Sprouts Farmers Market,,,
4630 Palm Ave,La Mesa,CA,91941,Sprouts Farmers Market,,,
4175 Park Blvd,San Diego,CA,92103,Sprouts Farmers Market,,,
1260 Garnet Ave,San Diego,CA,92109,Sprouts Farmers Market,,,
3315 Rosecrans St #B,San Diego,CA,92110,Sprouts Farmers Market,,,
13536 Poway Rd,Poway,CA,92064,Sprouts Farmers Market,,,
8211 Laguna Blvd,Elk Grove,CA,95758,Sprouts Farmers Market,,,
659 Lomas Santa Fe Dr,Solana Beach,CA,92075,Sprouts Farmers Market,,,
3358 Governor Dr,San Diego,CA,92122,Sprouts Farmers Market,,,
3205 Lemon Grove Ave,Lemon Grove,CA,91945,Sprouts Farmers Market,,,
4439 Genesee Ave,San Diego,CA,92117,Sprouts Farmers Market,,,
1295 S. State Street,Hemet,CA,92543,Sprouts Farmers Market,,,
1011 N. San Fernando Blvd,Burbank,CA,91507,Sprouts Farmers Market,,,
27271 La Paz Road,Laguna Niguel,CA,92677,Sprouts Farmers Market,,,
17482 Yorba Linda Blvd,Yorba Linda,CA,92886,Sprouts Farmers Market,,,
2618 El Camino Real,Carlsbad,CA,92008,Sprouts Farmers Market,,,
3030 Harbor Blvd,Costa Mesa,CA,92626,Sprouts Farmers Market,,,
3630 Grand Ave,Chino Hills,CA,91709,Sprouts Farmers Market,,,
27765 Santa Margarita Pkwy,Mission Viejo,CA,92691,Sprouts Farmers Market,,,
120 W. Ontario Ave,Corona,CA,92882,Sprouts Farmers Market,,,
1447 S. Harbor Blvd #D,Fullerton,CA,92832,Sprouts Farmers Market,,,
7355 Day Creek Blvd,Rancho Cucamonga,CA,91739,Sprouts Farmers Market,,,
79050 Hwy 111,La Quinta,CA,92253,Sprouts Farmers Market,,,
3243 Camino de los Coches,Carlsbad,CA,92009,Sprouts Farmers Market,,,
32413 US Hwy 79 South #300,Temecula,CA,92592,Sprouts Farmers Market,,,
15727 Bernardo Heights Pkwy,Rancho Bernardo,CA,92128,Sprouts Farmers Market,,,
471 College Blvd #1,Oceanside,CA,92057,Sprouts Farmers Market,,,
39606 Winchester Rd,Rancho Temecula,CA,92591,Sprouts Farmers Market,,,
820 N. Western Ave,San Pedro,CA,90732,Sprouts Farmers Market,,,
510 W. 13th Street,Escondido,CA,92025,Sprouts Farmers Market,,,
9361 Mission Gorge Rd,Santee,CA,92071,Sprouts Farmers Market,,,
21821 Ventura Blvd,Woodland Hills,CA,91364,Sprouts Farmers Market,,,
3011 El Camino Real,Tustin,CA,92782,Sprouts Farmers Market,,,
400 West Huntington Dr,Monrovia,CA,91016,Sprouts Farmers Market,,,
255 E. 17th Street,Costa Mesa,CA,92626,Sprouts Farmers Market,,,
1530 Geary Road,Walnut Creek,CA,94597,Sprouts Farmers Market,,,
4253 Woodruff Ave,Lakewood,CA,90713,Sprouts Farmers Market,,,
920 Foothills Blvd,La Canada,CA,92011,Sprouts Farmers Market,,,
22401 Old Canal Road,Yorba Linda,CA,92887,Sprouts Farmers Market,,,
7905 Greenback Lane,Citrus Heights,CA,95610,Sprouts Farmers Market,,,
1700 McHenry Blvd,Modesto,CA,95350,Sprouts Farmers Market,,,
3900 Mowry Ave,Fremont,CA,94538,Sprouts Farmers Market,,,
5205 Prospect Road,San Jose,CA,95129,Sprouts Farmers Market,,,
1130 Branham Lane,San Jose,CA,95118,Sprouts Farmers Market,,,
630 San Antonio Rd.,Mountain View,CA,94040,Sprouts Farmers Market,,,
6605 Fallbrook Avenue,West Hills,CA,91307,Sprouts Farmers Market,,,
7477 N. Blackstone,Fresno,CA,93720,Sprouts Farmers Market,,,
401 Kenilworth Drive #1040,Petaluma,CA,94952,Sprouts Farmers Market,,,
6942 Warner Ave,Huntington Beach,CA,92647,Sprouts Farmers Market,,,
847 W. Foothill Blvd,Upland,CA,91786,Sprouts Farmers Market,,,
5150 W. 120th Avenue,Westminster,CO,80030,Sprouts Farmers Market,,,
9751 S. Parker Road,Parker,CO,80134,Sprouts Farmers Market,,,
4345 Corbett Drive,Fort Collins,CO,80525,Sprouts Farmers Market,,,
2950 Baseline Road,Boulder,CO,80303,Sprouts Farmers Market,,,
1150 S. Ironton St. Unit 130,Aurora,CO,80012,Sprouts Farmers Market,,,
20831 E. Smoky Hill Rd,Centennial,CO,80015,Sprouts Farmers Market,,,
5650 Allen Way,Castle Rock,CO,80108,Sprouts Farmers Market,,,
"4759 W. 29th Street, Unit B",Greeley,CO,80634,Sprouts Farmers Market,,,
10018 Common St,Lone Tree,CO,80124,Sprouts Farmers Market,,,
7725 Wadsworth Blvd,Arvada,CO,80003,Sprouts Farmers Market,,,
15405 E. Briarwood Circle,Aurora,CO,80016,Sprouts Farmers Market,,,
2525 Arapahoe Ave,Boulder,CO,80302,Sprouts Farmers Market,,,
1730 Dublin Blvd,Colorado Springs,CO,80918,Sprouts Farmers Market,,,
4700 W. 38th Avenue,Denver,CO,80212,Sprouts Farmers Market,,,
2880 S. Colorado Blvd,Denver,CO,80222,Sprouts Farmers Market,,,
2601 S. Lemay Ave,Fort Collins,CO,80525,Sprouts Farmers Market,,,
8557 E. Arapahoe Road #B,Greenwood Village,CO,80112,Sprouts Farmers Market,,,
1980 E. County Line Rd,Highlands Ranch,CO,80126,Sprouts Farmers Market,,,
555 W. South Boulder Rd,Lafayette,CO,80026,Sprouts Farmers Market,,,
8601 W. Cross Drive,Littleton,CO,80123,Sprouts Farmers Market,,,
1131 E. 120th Avenue,Thornton,CO,80233,Sprouts Farmers Market,,,
1101 S. Hover,Longmont,CO,80501,Sprouts Farmers Market,,,
1450 W. Independent Ave,Grand Junction,CO,81505,Sprouts Farmers Market,,,
3365 E. Tropicana Ave,Las Vegas,NV,89121,Sprouts Farmers Market,,,
4020 S. Rainbow Blvd,Las Vegas,NV,89103,Sprouts Farmers Market,,,
635 S. Green Valley Parkway,Henderson,NV,89052,Sprouts Farmers Market,,,
515 North Stephanie Street,Henderson,NV,89014,Sprouts Farmers Market,,,
"10000 W. Sahara Ave, Suite 180",Las Vegas,NV,89117,Sprouts Farmers Market,,,
1250 Scenic Highway #1706,Lawrenceville,GA,30045,Sprouts Farmers Market,,,
"5130 Peachtree Pkwy, Suite 100",Peachtree Corners,GA,30092,Sprouts Farmers Market,,,
2480 Mount Vernon Rd,Dunwoody,GA,30338,Sprouts Farmers Market,,,
529 Lakeland Plaza,Cumming,GA,30040,Sprouts Farmers Market,,,
6284 S. State Street,Murray,UT,84107,Sprouts Farmers Market,,,
1375 S. State Street,Orem,UT,84097,Sprouts Farmers Market,,,
10701 Corrales Rd NW,Albuquerque,NM,87114,Sprouts Farmers Market,,,
5112 Lomas Blvd NE,Albuquerque,NM,87110,Sprouts Farmers Market,,,
11201 Montgomery Blvd NE,Albuquerque,NM,87111,Sprouts Farmers Market,,,
6300 San Mateo Blvd NE,Albuquerque,NM,87109,Sprouts Farmers Market,,,
3201 Zafarano Dr #20,Santa Fe,NM,87507,Sprouts Farmers Market,,,
199 Paseo de Peralta,Santa Fe,NM,87501,Sprouts Farmers Market,,,
6410 N. May Ave,Oklahoma City,OK,73116,Sprouts Farmers Market,,,
24 E. 2nd Street,Edmond,OK,73034,Sprouts Farmers Market,,,
555 West Main St,Norman,OK,73069,Sprouts Farmers Market,,,
10111 S. Memorial Drive,Bixby,OK,74133,Sprouts Farmers Market,,,
4123 S. Harvard Avenue,Tulsa,OK,74135,Sprouts Farmers Market,,,
40 Rail Road St.,ANDOVER,MA,01810,Whole Foods Market ANDOVER,,,
170 Great Road,BEDFORD,MA,01730,Whole Foods Market BEDFORD,,,
181 Cambridge St.,BOSTON,MA,02114,Whole Foods Market CHARLES RIVER PLAZA,,,
950 Providence Highway,DEDHAM,MA,02026,Whole Foods Market DEDHAM,,,
200 Alewife Brook Parkway,CAMBRIDGE,MA,02138,Whole Foods Market FRESH POND,,,
575 Worchester Road,FRAMINGHAM,MA,01701,Whole Foods Market FRAMINGHAM,,,
55 Welles Street,GLASTONBURY,CT,06033,Whole Foods Market GLASTONBURY,,,
Route 9 & Russell Street,HADLEY,MA,01035,Whole Foods Market HADLEY,,,
"94 Derby Street, Suite 200",HINGHAM,MA,02043,Whole Foods Market HINGHAM,,,
100 Market Street,LYNNFIELF,MA,01940,Whole Foods Market LYNNFIELD,,,
2 Sommerset St.,PORTLAND,ME,04101,Whole Foods Market PORTLAND ,,,
331 Paradise Road,SWAMPSCOTT,MA,01907,Whole Foods Market SWAMPSCOTT,,,
601 N. Main & Doyle Ave..,PROVIDENCE,RI,02904,Whole Foods Market UNIVERSITY HTS,,,
50 Raymond Road,WEST  HARTFORD,CT,06107,Whole Foods Market WEST HARTFORD,,,
9067 US 31                              ,BERRIEN SPRINGS,MI ,49103       ,APPLE VALLEY BERRIEN  (PARENT),,,
14678 STATE ROAD 23                     ,GRANGER,IN ,46530       ,DOWN TO EARTH *INFRA*,,,
8110 BIG BEND BLVD                      ,ST LOUIS,MO ,63119       ,NATURAL WAY GROCERY,,,
102 6TH AVE W                           ,SPRINGFIELD,TN ,37172       ,"OUR SERENITY SHOP   ""B""",,,
4425 19TH ST                            ,LUBBOCK,TX ,79407       ,UNITED #553 MARKET STREET,,,
5605 COLLEYVILLE BLVD                   ,COLLEYVILLE,TX ,76034       ,UNITED #560 #10560,,,
6100 W ELDORADO PKWY                    ,MCKINNEY,TX ,75070       ,UNITED #561 MARKET STREET,,,
11999 DALLAS PKWY @ ELDORADO            ,FRISCO,TX ,75034       ,UNITED #562 MARKET STREET,,,
907 WEST BETHANY DR                     ,ALLEN,TX ,75013       ,UNITED #563 MARKET STREET,,,
700 N. DENTON TAP ROAD                  ,COPPELL,TX ,75019       ,UNITED #564 MARKET STREET,,,
3800 LONG PRAIRIE RD                    ,FLOWER MOUND,TX ,75028       ,UNITED #565 MARKET STREET,,,
1929 PRESTON RD                         ,PLANO,TX ,75093       ,UNITED #566 MARKET STREET,,,
,,,,,,,
,,,,,,,
,,,,,,,
,,,,,,,
,,,,,,,
,,,,,,,
,,,,,,,
